Workbook

Sheet Du_Lieu_QC
A1: STT | B1: Ngày chạy QC | C1: Glucose Mức 1 (Normal) | D1: Glucose Mức 2 (High) | E1: Urea Mức 1 (Normal) | F1: Urea Mức 2 (High) | G1: Creatinine Mức 1 (Normal) | H1: Creatinine Mức 2 (High) | I1: Trạng thái Westgard | J1: Hành động CAPA | K1: Người thực hiện | L1: Thiết bị | N1: Glucose – Normal | Q1: Glucose – High | T1: Urea – Normal | W1: Urea – High | Z1: Creatinin – Normal | AC1: Creatinin – High
A2: 1 | B2: 01/07/2026 | C2: 5.3 | D2: 17.54 | E2: 7.2 | F2: 24.6 | G2: 95 | H2: 311 | I2: Hợp lệ (In-control) | J2: Không cần can thiệp | K2: Đàm Minh Đức | L2: Máy Hóa sinh 1 | N2: Mean | O2: SD | P2: CV% | Q2: Mean | R2: SD | S2: CV% | T2: Mean | U2: SD | V2: CV% | W2: Mean | X2: SD | Y2: CV% | Z2: Mean | AA2: SD | AB2: CV% | AC2: Mean | AD2: SD | AE2: CV%
A3: 2 | B3: 02/07/2026 | C3: 5.58 | D3: 17.51 | E3: 7.3 | F3: 22.3 | G3: 86 | H3: 349 | I3: Hợp lệ (In-control) | J3: Không cần can thiệp | K3: Đàm Minh Đức | L3: Máy Hóa sinh 1 | M3: Thống kê thực tế | N3: =AVERAGE(C2:C45) | O3: =STDEV.S(C2:C45) | P3: =(O3/N3)*100 | Q3: =AVERAGE(D2:D45) | R3: =STDEV.S(D2:D45) | S3: =(R3/Q3)*100 | T3: =AVERAGE(E2:E45) | U3: =STDEV.S(E2:E45) | V3: =(U3/T3)*100 | W3: =AVERAGE(F2:F45) | X3: =STDEV.S(F2:F45) | Y3: =(X3/W3)*100 | Z3: =AVERAGE(G2:G45) | AA3: =STDEV.S(G2:G45) | AB3: =(AA3/Z3)*100 | AC3: =AVERAGE(H2:H45) | AD3: =STDEV.S(H2:H45) | AE3: =(AD3/AC3)*100
A4: 3 | B4: 03/07/2026 | C4: 5.54 | D4: 17.64 | E4: 7.18 | F4: 23.12 | G4: 97.1 | H4: 350.6 | I4: Hợp lệ (In-control) | J4: Không cần can thiệp | K4: Đàm Minh Đức | L4: Máy Hóa sinh 1
A5: 4 | B5: 06/07/2026 | C5: 5.49 | D5: 18 | E5: 7.5 | F5: 24.6 | G5: 87 | H5: 351 | I5: Hợp lệ (In-control) | J5: Không cần can thiệp | K5: Đàm Minh Đức | L5: Máy Hóa sinh 1
A6: 5 | B6: 07/07/2026 | C6: 5.48 | D6: 17.1 | E6: 7 | F6: 21.9 | G6: 92 | H6: 338 | I6: Hợp lệ (In-control) | J6: Không cần can thiệp | K6: Đàm Minh Đức | L6: Máy Hóa sinh 1
A7: 6 | B7: 08/07/2026 | C7: 5.57 | D7: 17.6 | E7: 6.8 | F7: 21.6 | G7: 96 | H7: 360 | I7: Hợp lệ (In-control) | J7: Không cần can thiệp | K7: Đàm Minh Đức | L7: Máy Hóa sinh 1
A8: 7 | B8: 09/07/2026 | C8: 5.45 | D8: 16.5 | E8: 7.3 | F8: 20.6 | G8: 101 | H8: 342 | I8: Hợp lệ (In-control) | J8: Không cần can thiệp | K8: Đàm Minh Đức | L8: Máy Hóa sinh 1
A9: 8 | B9: 10/07/2026 | C9: 5.53 | D9: 17.45 | E9: 7.3 | F9: 23.1 | G9: 94 | H9: 335 | I9: Hợp lệ (In-control) | J9: Không cần can thiệp | K9: Đàm Minh Đức | L9: Máy Hóa sinh 1
A10: 9 | B10: 13/07/2026 | C10: 5.43 | D10: 17.78 | E10: 7 | F10: 23.7 | G10: 95.7 | H10: 386 | I10: Hợp lệ (In-control) | J10: Không cần can thiệp | K10: Đàm Minh Đức | L10: Máy Hóa sinh 1
A11: 10 | B11: 14/07/2026 | C11: 5.56 | D11: 17.65 | E11: 6.8 | F11: 24.2 | G11: 98 | H11: 355 | I11: Hợp lệ (In-control) | J11: Không cần can thiệp | K11: Đàm Minh Đức | L11: Máy Hóa sinh 1
A12: 11 | B12: 15/07/2026 | C12: 5.58 | D12: 17.61 | E12: 7.25 | F12: 22.95 | G12: 93.9 | H12: 360.2 | I12: Hợp lệ (In-control) | J12: Không cần can thiệp | K12: Đàm Minh Đức | L12: Máy Hóa sinh 1
A13: 12 | B13: 16/07/2026 | C13: 5.47 | D13: 18.65 | E13: 7 | F13: 21.9 | G13: 90.7 | H13: 371 | I13: Vi phạm: GLUCOSE (High): Vi phạm (1-3s) | J13: Lập biên bản CAPA theo QĐ 2429 | K13: Đàm Minh Đức | L13: Máy Hóa sinh 1
A14: 13 | B14: 17/07/2026 | C14: 5.6 | D14: 17.8 | E14: 7.21 | F14: 21.8 | G14: 97.3 | H14: 357.3 | I14: Hợp lệ (In-control) | J14: Không cần can thiệp | K14: Đàm Minh Đức | L14: Máy Hóa sinh 1
A15: 14 | B15: 20/07/2026 | C15: 5.7 | D15: 18.2 | E15: 7.08 | F15: 25 | G15: 94.4 | H15: 374.5 | I15: Hợp lệ (In-control) | J15: Không cần can thiệp | K15: Đàm Minh Đức | L15: Máy Hóa sinh 1
... A45: 44 | B45: 31/08/2026 | C45: 5.61 | D45: 17.52 | E45: 7.1 | F45: 22.75 | G45: 93.5 | H45: 351.1 | I45: Hợp lệ (In-control) | J45: Không cần can thiệp | K45: Đàm Minh Đức | L45: Máy Hóa sinh 1
B46: Trung bình (AVERAGE / Mean) | C46: =AVERAGE(C2:C45) | D46: =AVERAGE(D2:D45) | E46: =AVERAGE(E2:E45) | F46: =AVERAGE(F2:F45) | G46: =AVERAGE(G2:G45) | H46: =AVERAGE(H2:H45)
B47: Độ lệch chuẩn (STDEV / SD) | C47: =STDEV.S(C2:C45) | D47: =STDEV.S(D2:D45) | E47: =STDEV.S(E2:E45) | F47: =STDEV.S(F2:F45) | G47: =STDEV.S(G2:G45) | H47: =STDEV.S(H2:H45)
B48: Hệ số biến thiên (CV%) | C48: =(C47/C46)*100 | D48: =(D47/D46)*100 | E48: =(E47/E46)*100 | F48: =(F47/F46)*100 | G48: =(G47/G46)*100 | H48: =(H47/H46)*100

Sheet Thong_Ke_Tong_Hop
A1: BẢNG TỔNG HỢP CHỈ SỐ THỐNG KÊ QC - GIAI ĐOẠN 2 (THÁNG 7 & 8/2026)
A2: Khoa Xét nghiệm & Chẩn đoán hình ảnh — Bệnh viện Y học Cổ truyền
A4: Glucose – Normal | D4: Glucose – High | G4: Urea – Normal | J4: Urea – High | M4: Creatinin – Normal | P4: Creatinin – High
A5: Mean | B5: SD | C5: CV% | D5: Mean | E5: SD | F5: CV% | G5: Mean | H5: SD | I5: CV% | J5: Mean | K5: SD | L5: CV% | M5: Mean | N5: SD | O5: CV% | P5: Mean | Q5: SD | R5: CV%
A6: =AVERAGE(Du_Lieu_QC!C2:C45) | B6: =STDEV.S(Du_Lieu_QC!C2:C45) | C6: =(B6/A6)*100 | D6: =AVERAGE(Du_Lieu_QC!D2:D45) | E6: =STDEV.S(Du_Lieu_QC!D2:D45) | F6: =(E6/D6)*100 | G6: =AVERAGE(Du_Lieu_QC!E2:E45) | H6: =STDEV.S(Du_Lieu_QC!E2:E45) | I6: =(H6/G6)*100 | J6: =AVERAGE(Du_Lieu_QC!F2:F45) | K6: =STDEV.S(Du_Lieu_QC!F2:F45) | L6: =(K6/J6)*100 | M6: =AVERAGE(Du_Lieu_QC!G2:G45) | N6: =STDEV.S(Du_Lieu_QC!G2:G45) | O6: =(N6/M6)*100 | P6: =AVERAGE(Du_Lieu_QC!H2:H45) | Q6: =STDEV.S(Du_Lieu_QC!H2:H45) | R6: =(Q6/P6)*100
